Year,Predicted_Anomaly
2023,1.269111606342726
2024,1.2923941330759021
2025,1.3156766598090783
2026,1.3389591865422545
2027,1.3622417132754308
2028,1.385524240008607
2029,1.408806766741776
2030,1.4320892934749523
2031,1.4553718202081285
2032,1.4786543469413047
2033,1.501936873674481
2034,1.5252194004076571
2035,1.5485019271408333
